Wall time,Step,Value
1759568741.4628665,250,-50.0
1759568824.5951684,750,-50.0
1759568833.6751537,800,-50.0
1759568857.124078,950,-50.0
1759568864.495599,1000,-50.0
1759568890.605419,1150,-50.0
1759568918.835978,1339,-50.0
1759568926.361533,1389,-50.0
1759569029.0932267,2020,-50.0
1759569084.5809307,2370,-50.0
1759569091.0875044,2420,-50.0
1759569098.6218116,2470,-50.0
1759569140.0355787,2720,-50.0
1759569203.7316031,3105,-50.0
1759569211.5233092,3155,-50.0
1759569231.685319,3277,-50.0
1759569240.607016,3327,-50.0
1759569258.0758882,3429,-1.0
1759569265.7958534,3479,-50.0
1759569309.9662497,3779,-50.0
1759569348.7257705,4029,-50.0
1759569398.5518804,4353,-50.0
1759569469.6612515,4853,-50.0
1759569500.4882987,5053,-50.0
1759569522.6860623,5203,-50.0
1759569531.3309367,5253,-50.0
1759569630.6951406,5861,-50.0
1759569662.5819325,6061,-50.0
1759569671.8781261,6111,-50.0
1759569686.3932576,6211,-50.0
1759569701.0151818,6311,-50.0
1759569742.3291907,6565,-50.0
1759569806.846456,6965,-50.0
1759569822.326881,7065,-50.0
1759569830.5870733,7115,-50.0
1759569852.775053,7265,-50.0
1759569902.3623405,7596,-50.0
1759569923.312396,7746,-50.0
1759569938.738587,7846,-50.0
1759569955.4210045,7946,-50.0
1759570016.5612812,8296,-50.0
1759570023.6543303,8346,-50.0
1759570063.9906123,8585,-50.0
1759570121.6822042,8935,-50.0
1759570130.127558,8985,-50.0
1759570138.5987833,9035,-50.0
1759570179.0023248,9285,-50.0
1759570186.023946,9335,-50.0
1759570243.8018126,9685,-50.0
1759570267.381268,9835,-50.0
1759570275.7310925,9885,-50.0
1759570290.9362862,9985,-50.0
1759570344.2767854,10300,-50.0
1759570361.4583833,10400,-50.0
1759570377.691816,10495,-44.0
1759570419.6243002,10745,-50.0
1759570427.2098846,10795,-50.0
1759570451.6424184,10945,-50.0
1759570493.0080075,11195,-50.0
1759570614.0462062,11933,-50.0
1759570621.4829538,11983,-50.0
1759570727.068234,12633,-50.0
1759570732.3825743,12668,-34.0
1759570740.2183702,12718,-50.0
1759570827.6303232,13268,-50.0
1759570850.3072007,13418,-50.0
1759570878.7293673,13600,-50.0
1759570904.7372828,13757,-6.0
1759570926.3673127,13907,-50.0
1759570942.2618885,14019,-50.0
1759570956.2052877,14119,-50.0
1759570994.6419423,14369,-50.0
1759571011.6543903,14469,-50.0
1759571019.7553687,14519,-50.0
1759571097.4962296,14989,-50.0
1759571128.3513627,15189,-50.0
1759571162.5369627,15389,-50.0
1759571179.750424,15489,-50.0
1759571187.40119,15539,-50.0
1759571205.2086413,15663,-50.0
1759571329.6882834,16413,-50.0
1759571337.213313,16463,-50.0
1759571397.0383716,16813,-50.0
1759571404.9582324,16863,-50.0
1759571448.9385726,17163,-50.0
1759571466.706192,17263,-50.0
1759571498.6939454,17463,-50.0
1759571547.5180912,17763,-50.0
1759571554.9009004,17813,-50.0
1759571561.8269079,17863,-50.0
1759571565.6102664,17887,-23.0
1759571633.6232991,18307,-3.0
1759571700.0265284,18707,-50.0
1759571733.8889856,18907,-50.0
1759571744.5661986,18975,-50.0
1759571783.163021,19208,-32.0
1759571819.753211,19446,-50.0
1759571834.9967883,19546,-50.0
1759571927.7430327,20100,-50.0
1759571979.6542659,20400,-50.0
1759571988.0515501,20450,-50.0
1759572020.6082428,20650,-50.0
1759572101.7111285,21150,-50.0
1759572110.0382602,21200,-50.0
1759572127.2122607,21300,-50.0
1759572149.622109,21450,-3.0
1759572157.4817948,21500,-50.0
1759572173.2117672,21600,-50.0
1759572202.561056,21786,-50.0
1759572219.0720365,21886,-50.0
1759572227.3700953,22054,-50.0
1759572229.3208702,22304,-50.0
1759572231.0202851,22504,-50.0
1759572238.504166,22654,-50.0
1759572255.5334842,22754,-50.0
1759572289.0179555,22954,-50.0
1759572297.3235538,23004,-50.0
1759572337.3364832,23254,-50.0
1759572345.0943027,23304,-50.0
1759572395.691863,23604,-50.0
1759572411.7672882,23704,-50.0
1759572448.6808872,23943,-38.0
1759572577.2987156,24743,-50.0
1759572585.4133368,24793,-50.0
1759572593.799288,24843,-50.0
1759572602.035981,24893,-50.0
1759572610.4051468,24943,-50.0
1759572634.121308,25093,-50.0
1759572642.1335728,25143,-50.0
1759572650.7771332,25193,-50.0
1759572760.4219553,25854,-50.0
1759572769.3482714,25904,-50.0
1759572786.4206023,26004,-50.0
1759572794.4957623,26054,-50.0
1759572803.6339884,26104,-50.0
1759572818.9821122,26204,-50.0
1759572851.0013509,26404,-50.0
1759572863.8938222,26487,-32.0
1759572896.4351728,26687,-50.0
1759572908.1299024,26757,-19.0
1759572940.6255426,26957,-50.0
1759572983.8710015,27222,-50.0
1759573000.946984,27322,-50.0
1759573033.4702442,27521,-50.0
1759573069.359005,27743,-50.0
1759573156.4435704,28293,-50.0
1759573164.2489963,28343,-50.0
1759573189.0932622,28493,-50.0
1759573206.4530942,28593,-50.0
1759573214.509564,28643,-50.0
1759573239.1340895,28793,-50.0
1759573255.605344,28893,-50.0
1759573313.9810424,29243,-50.0
1759573359.2484639,29493,-50.0
1759573395.5541718,29697,-50.0
1759573403.9245074,29747,-50.0
1759573470.132253,30150,-50.0
1759573478.9464269,30200,-50.0
1759573503.8570259,30350,-50.0
1759573519.8376749,30450,-50.0
1759573527.9651725,30500,-50.0
1759573560.1294127,30700,-50.0
1759573593.1163974,30900,-50.0
1759573645.6560476,31200,-50.0
1759573653.6579978,31250,-50.0
1759573692.5572505,31500,-50.0
1759573708.2454538,31600,-50.0
1759573737.6037643,31800,-50.0
1759573762.52237,31950,-50.0
1759573772.4366243,32003,-2.0
1759573822.8143268,32312,-50.0
1759573847.7832637,32462,-50.0
1759573887.035647,32709,-50.0
1759573894.0965068,32759,-50.0
1759573927.0555487,32959,-50.0
1759573956.7618282,33125,-15.0
1759574024.1362283,33525,-50.0
1759574040.8643281,33625,-50.0
1759574065.588302,33775,-50.0
1759574172.5006053,34425,-50.0
1759574215.4362307,34675,-50.0
1759574263.6753383,34975,-50.0
1759574278.676217,35075,-50.0
1759574294.6403341,35175,-50.0
1759574302.5373855,35225,-50.0
1759574318.568134,35325,-50.0
1759574327.2034018,35375,-50.0
1759574343.3893912,35475,-50.0
1759574351.6788177,35525,-50.0
1759574359.8156402,35575,-50.0
1759574402.7637863,35825,-50.0
1759574441.0633118,36065,-28.0
1759574599.5001075,37032,-50.0
1759574608.0762973,37082,-50.0
1759574662.1559544,37432,-50.0
1759574688.3887203,37582,-50.0
1759574696.8479629,37632,-50.0
1759574712.1902857,37732,-50.0
1759574728.6829727,37832,-50.0
1759574744.5870736,37932,-50.0
1759574793.3326766,38232,-50.0
1759574915.1665134,38993,-50.0
1759574922.0578225,39043,-50.0
1759574937.9813423,39143,-50.0
1759574961.4684536,39293,-50.0
1759575024.8087106,39693,-50.0
1759575032.7229517,39743,-50.0
1759575106.9494123,40200,-50.0
1759575139.0072098,40400,-50.0
1759575146.831735,40450,-50.0
1759575159.9430296,40550,-50.0
1759575167.2966673,40600,-50.0
1759575196.0905912,40800,-50.0
1759575219.796952,40950,-50.0
1759575233.685517,41050,-50.0
1759575278.8265605,41350,-50.0
1759575323.4402971,41605,-50.0
1759575349.222796,41752,-50.0
1759575366.124941,41852,-50.0
1759575384.0601633,41968,-6.0
1759575415.1217294,42168,-50.0
1759575423.4847586,42218,-50.0
1759575520.4641833,42835,-50.0
1759575535.6107044,42935,-50.0
1759575578.9810338,43235,-50.0
1759575602.859354,43385,-50.0
1759575617.6646411,43485,-50.0
1759575644.9659429,43685,-50.0
1759575653.1684062,43735,-50.0
1759575701.569662,44035,-50.0
1759575717.682745,44135,-50.0
1759575776.8056254,44525,-39.0
1759575847.581474,44984,-50.0
1759575862.687775,45084,-50.0
1759575875.9227257,45184,-50.0
1759575951.1828265,45639,-36.0
1759576005.7143397,45989,-50.0
1759576029.7861366,46139,-50.0
1759576054.2318573,46289,-50.0
1759576106.981818,46622,-11.0
1759576224.8707736,47341,-50.0
1759576247.651722,47491,-50.0
1759576277.4866877,47691,-50.0
1759576322.43776,47991,-50.0
1759576338.0160482,48091,-50.0
1759576368.1146734,48293,-50.0
1759576391.6059256,48443,-50.0
1759576399.5552988,48493,-50.0
1759576406.705256,48543,-50.0
1759576418.2205558,48621,-27.0
1759576467.8493621,48932,-50.0
1759576484.2484121,49032,-50.0
1759576530.3218913,49335,-50.0
1759576558.9578202,49519,-50.0
1759576575.6381755,49619,-50.0
1759576648.451943,50050,-81.0
1759576657.4244392,50100,-50.0
1759576735.2725098,50550,-50.0
1759576819.9071984,51050,-50.0
1759576854.9235747,51250,-50.0
1759576869.7723248,51350,-50.0
1759576939.936827,51736,-50.0
1759576941.033053,51743,-6.0
1759576954.0231109,51823,-50.0
1759576991.3732696,52023,-50.0
1759577070.8314452,52429,-5.0
1759577161.500248,52955,-50.0
1759577195.3239045,53155,-50.0
1759577212.9457786,53255,-50.0
1759577238.6615057,53405,-50.0
1759577250.1004999,53467,-50.0
1759577267.4621482,53566,-48.0
1759577364.8153944,54066,-50.0
1759577373.6932042,54116,-50.0
1759577398.9619994,54266,-50.0
1759577408.0574946,54316,-50.0
1759577435.3445966,54466,-50.0
1759577462.9121141,54616,-50.0
1759577480.0872624,54716,-50.0
1759577523.6430926,54966,-50.0
1759577585.3266838,55316,-50.0
1759577627.1739328,55566,-50.0
1759577636.0442834,55616,-50.0
1759577725.2203333,56116,-50.0
1759577741.240312,56216,-50.0
1759577820.407347,56714,-50.0
1759577830.0915952,56769,-50.0
1759577838.4134607,56819,-50.0
1759577877.0100071,57044,-24.0
1759577893.7798214,57144,-50.0
1759577936.9201636,57394,-50.0
1759577972.8651345,57594,-50.0
1759577977.2812834,57616,-21.0
1759578078.1471143,58189,-50.0
1759578149.5343246,58584,-50.0
1759578182.2953613,58784,-50.0
1759578211.7441154,58953,-10.0
1759578224.5117028,59023,-50.0
1759578260.4385667,59223,-50.0
1759578390.0115142,59973,-50.0
1759578402.7958686,60050,-71.0
1759578440.2166219,60250,-50.0
1759578448.9534543,60300,-50.0
1759578457.143354,60350,-50.0
1759578474.9695187,60450,-50.0
1759578500.5227606,60600,-50.0
1759578527.1678596,60750,-50.0
1759578536.652415,60800,-50.0
1759578572.622599,60983,-50.0
1759578609.7649107,61183,-50.0
1759578653.117978,61433,-50.0
1759578670.9752266,61533,-50.0
1759578700.072756,61698,-50.0
1759578726.3449216,61848,-50.0
1759578768.2227151,62098,-50.0
1759578790.645099,62235,-50.0
1759578829.4645004,62465,-29.0
1759578838.3885741,62515,-50.0
1759578863.6242752,62665,-50.0
1759578894.4027307,62865,-50.0
1759578966.1970487,63272,-50.0
1759579015.347311,63559,-50.0
1759579034.993394,63666,-50.0
1759579043.3385894,63716,-50.0
1759579126.3391547,64166,-50.0
1759579206.334927,64666,-50.0
1759579232.7653072,64816,-50.0
1759579275.8169131,65074,-50.0
1759579320.9526987,65344,-50.0
1759579355.4789221,65537,-50.0
1759579447.8502932,66060,-22.0
1759579449.4213183,66070,-9.0
1759579484.1255767,66270,-50.0
1759579534.2518075,66570,-50.0
1759579563.9399805,66746,-50.0
1759579588.3258579,66896,-50.0
1759579788.5218203,68044,-50.0
1759579823.9829903,68244,-50.0
1759579914.6523058,68744,-50.0
1759579950.9386914,68960,-50.0
1759579967.1464581,69060,-50.0
1759579976.6118693,69110,-50.0
1759579978.2626138,69119,-8.0
1759579986.276889,69169,-50.0
1759580051.783149,69569,-50.0
1759580118.259108,69929,-50.0
1759580127.0606668,69979,-50.0
1759580148.8756142,70100,-50.0
1759580157.943091,70150,-50.0
1759580261.402599,70750,-50.0
1759580270.499112,70799,-48.0
1759580282.189773,70867,-50.0
1759580364.645872,71329,-50.0
1759580382.665773,71432,-2.0
1759580419.1328218,71632,-50.0
1759580453.6381977,71832,-50.0
1759580491.4742284,72032,-50.0
1759580553.1686978,72382,-50.0
1759580561.4201746,72432,-50.0
1759580569.8786588,72482,-50.0
1759580586.7118452,72582,-50.0
1759580613.752851,72732,-50.0
1759580709.7667534,73278,-42.0
1759580762.5934882,73565,-50.0
1759580788.4757588,73715,-50.0
1759580798.0589576,73765,-50.0
1759580877.692312,74208,-50.0
1759580904.0654368,74358,-50.0
1759580913.221662,74408,-50.0
1759580989.216779,74860,-50.0
1759581015.2375736,75010,-50.0
1759581024.2217278,75060,-50.0
1759581042.013414,75160,-50.0
1759581079.1616473,75360,-50.0
1759581088.5203638,75410,-50.0
1759581116.552785,75560,-50.0
1759581148.0066986,75729,-50.0
1759581190.112459,75979,-50.0
1759581284.6098893,76529,-50.0
1759581327.8596177,76779,-50.0
1759581343.4305732,76879,-50.0
1759581399.2571332,77205,-17.0
1759581522.9363487,77930,-50.0
1759581580.2350094,78259,-50.0
1759581594.9639976,78348,-38.0
1759581620.2769935,78498,-50.0
1759581670.5105462,78798,-50.0
1759581679.5308511,78848,-50.0
1759581734.5534596,79171,-50.0
1759581808.6229262,79568,-50.0
1759581838.8280804,79740,-50.0
1759581873.0804787,79940,-50.0
1759581910.439969,80150,-50.0
1759581928.4462886,80256,-14.0
1759581947.89244,80356,-50.0
1759581998.9208853,80656,-50.0
1759582014.6929314,80756,-50.0
1759582020.3070157,80793,-36.0
1759582071.3384511,81093,-50.0
1759582079.5533638,81143,-50.0
1759582127.3166692,81407,-50.0
1759582146.5597763,81507,-50.0
1759582170.320812,81646,-50.0
1759582185.8602579,81731,-50.0
1759582194.8429263,81781,-50.0
1759582203.9600427,81831,-50.0
1759582267.012557,82181,-50.0
1759582301.7846007,82381,-50.0
1759582307.7448463,82413,-31.0
1759582325.9189403,82513,-50.0
1759582372.1145625,82763,-50.0
1759582435.6023633,83133,-50.0
1759582444.1543887,83183,-50.0
1759582477.755632,83383,-50.0
1759582496.3604517,83483,-50.0
1759582553.5767229,83830,-50.0
1759582561.8884196,83880,-50.0
1759582650.038073,84384,-50.0
1759582729.2585404,84845,-50.0
1759582745.6737387,84945,-50.0
1759582798.1740425,85252,-50.0
1759582806.2065458,85302,-50.0
1759582815.0632465,85352,-50.0
1759582840.9007883,85502,-50.0
1759582857.2941868,85600,-50.0
1759582892.9534178,85800,-50.0
1759582926.7092261,86000,-50.0
1759583080.905187,86893,-50.0
1759583116.932378,87093,-50.0
1759583151.1024792,87293,-50.0
1759583178.4498215,87440,-50.0
1759583194.5023365,87534,-43.0
1759583226.6403666,87734,-50.0
1759583237.547773,87807,-50.0
1759583316.2073693,88257,-50.0
1759583350.814844,88457,-50.0
1759583424.9399335,88877,-50.0
1759583467.3485038,89127,-50.0
1759583477.353293,89177,-50.0
1759583486.3714705,89227,-50.0
1759583585.5202324,89798,-50.0
1759583612.4857314,89948,-50.0
1759583661.0328321,90200,-50.0
1759583722.8364468,90550,-50.0
1759583758.3429425,90750,-50.0
1759583784.69247,90900,-50.0
1759583836.6214294,91200,-50.0
1759583845.5006664,91250,-50.0
1759583853.5259202,91300,-50.0
1759583877.3313363,91450,-50.0
1759583922.7896862,91700,-50.0
1759583971.4586325,91980,-50.0
1759583980.5108848,92030,-50.0
1759584063.753727,92530,-50.0
1759584069.2249913,92565,-34.0
1759584104.4538496,92765,-50.0
1759584113.2681525,92815,-50.0
1759584140.096691,92973,-50.0
1759584152.9526901,93052,-50.0
1759584202.397974,93314,-50.0
1759584230.231252,93464,-50.0
1759584260.290696,93644,-50.0
1759584269.211448,93694,-50.0
1759584282.22594,93767,-50.0
1759584291.0305429,93817,-50.0
1759584304.5387447,93889,-50.0
1759584388.902417,94343,-50.0
1759584407.8740475,94443,-50.0
1759584472.3953264,94794,-50.0
1759584482.4476926,94844,-50.0
1759584511.9908447,94994,-50.0
1759584812.1188354,96711,-50.0
1759584896.4478822,97161,-50.0
1759584906.4861608,97211,-50.0
1759584965.3174922,97535,-50.0
1759585002.5136726,97735,-50.0
1759585066.1195753,98073,-41.0
1759585074.7090907,98123,-50.0
1759585177.7774992,98723,-50.0
1759585194.7841167,98830,-50.0
1759585263.951297,99232,-50.0
1759585334.5951085,99627,-50.0
1759585353.533346,99727,-50.0
1759585432.912732,100150,-50.0
1759585441.3303769,100200,-50.0
1759585459.9048686,100300,-50.0
1759585484.413346,100450,-50.0
1759585538.156107,100750,-50.0
1759585546.652911,100800,-50.0
1759585574.465145,100975,-50.0
1759585581.2127903,101025,-50.0
1759585618.291996,101225,-50.0
1759585626.9215388,101275,-50.0
1759585660.8009477,101459,-50.0
1759585689.279745,101609,-50.0
1759585770.3476217,102036,-50.0
1759585797.4447596,102186,-50.0
1759585878.7254243,102643,-50.0
1759585966.8786683,103143,-50.0
1759586057.7962933,103635,-50.0
1759586111.122736,103945,-50.0
1759586195.2817397,104432,-50.0
1759586258.4434998,104782,-50.0
1759586312.3225465,105081,-50.0
1759586328.53123,105181,-50.0
1759586377.6692083,105480,-50.0
1759586387.1191926,105534,-3.0
1759586413.7993054,105679,-44.0
1759586416.9152277,105695,-15.0
1759586459.3008783,105917,-50.0
1759586492.9337895,106091,-50.0
1759586583.6987152,106602,-50.0
1759586608.4314637,106751,-50.0
1759586654.7013676,107001,-50.0
1759586772.2691655,107603,-50.0
1759586851.9794705,108018,-50.0
1759586977.5325394,108695,-50.0
1759587142.3752024,109619,-50.0
1759587188.9786499,109869,-50.0
1759587194.6371543,109899,-29.0
1759587238.7759235,110150,-50.0
1759587278.9495695,110400,-50.0
1759587295.5608702,110497,-13.0
1759587341.425964,110747,-50.0
1759587414.3027897,111142,-44.0
1759587440.3555713,111292,-50.0
1759587503.9386728,111642,-50.0
1759587511.390009,111692,-50.0
1759587519.4861174,111742,-50.0
1759587537.5826452,111842,-50.0
1759587590.0734434,112137,-50.0
1759587651.4163654,112487,-49.0
1759587766.8198988,113144,-50.0
1759587852.0922115,113651,-50.0
1759587895.8138082,113901,-50.0
1759587912.9908118,114001,-50.0
1759587932.2307203,114101,-50.0
1759587933.5093594,114109,-7.0
1759587962.0234995,114259,-50.0
1759587971.5615416,114309,-50.0
1759588238.1326694,115781,-50.0
1759588264.2392714,115931,-50.0
1759588292.435181,116100,-50.0
1759588300.6319425,116150,-50.0
1759588343.872709,116400,-50.0
1759588352.5204153,116450,-50.0
1759588446.894678,117035,-50.0
1759588519.4193134,117435,-50.0
1759588537.4331458,117535,-50.0
1759588545.5835042,117585,-50.0
1759588579.5836034,117785,-50.0
1759588648.0401826,118175,-50.0
1759588704.8612626,118486,-50.0
1759588739.8727605,118686,-50.0
1759588767.9647574,118841,-50.0
1759588804.2748373,119054,-50.0
1759588820.3361695,119154,-50.0
1759588846.4873822,119298,-50.0
1759588865.0638366,119398,-50.0
1759588870.1149576,119425,-26.0
1759588888.0662847,119525,-50.0
1759588933.377462,119775,-50.0
1759588970.6977744,119974,-50.0
1759588984.4022946,120050,-76.0
1759588992.5170908,120100,-50.0
1759589011.0808625,120200,-50.0
1759589024.2304676,120267,-16.0
1759589061.183964,120490,-22.0
1759589079.5647883,120590,-50.0
1759589140.5031178,120941,0.0
1759589358.5694308,122173,-50.0
1759589366.2111833,122223,-50.0
1759589381.4895492,122318,-50.0
1759589449.6615257,122719,-50.0
1759589458.0304189,122769,-50.0
1759589504.3477604,123030,-10.0
1759589512.6139011,123080,-50.0
1759589537.8775263,123230,-50.0
1759589545.7565403,123280,-50.0
1759589571.1430416,123425,-44.0
1759589626.7247505,123737,-50.0
1759589644.519809,123837,-50.0
1759589679.2473986,124044,-50.0
1759589776.470186,124585,-50.0
1759589778.6006563,124600,-14.0
1759589843.1176257,124977,-50.0
1759589850.693305,125020,-42.0
1759589896.4045725,125273,-50.0
1759589899.726958,125290,-16.0
1759589925.4571195,125440,-50.0
1759589934.0083778,125490,-50.0
1759589943.6327841,125540,-50.0
1759589970.3893228,125690,-50.0
1759590119.6865423,126562,-50.0
1759590172.081142,126876,-50.0
1759590181.668169,126926,-50.0
1759590190.8798237,126976,-50.0
1759590209.560634,127076,-50.0
1759590260.956092,127370,-8.0
1759590283.3484836,127506,-50.0
1759590300.3857388,127606,-50.0
1759590325.5280747,127756,-50.0
1759590342.5274749,127856,-50.0
1759590360.3235538,127956,-50.0
1759590425.8790603,128350,-50.0
1759590455.1974864,128526,-50.0
1759590470.1398485,128616,-39.0
1759590504.4898074,128816,-50.0
1759590508.0477233,128837,-20.0
1759590539.2215824,129012,-50.0
1759590547.8793736,129058,-45.0
1759590557.166695,129108,-50.0
1759590600.6680844,129358,-50.0
1759590642.3857226,129608,-50.0
1759590651.2334929,129658,-50.0
1759590688.8549592,129858,-50.0
1759590735.7765174,130100,-50.0
1759590744.9233437,130150,-50.0
1759590753.2578297,130200,-50.0
1759590771.4267917,130310,-9.0
1759590772.539264,130316,-5.0
1759590839.5319574,130716,-50.0
1759590848.479756,130766,-50.0
1759590857.1246943,130816,-50.0
1759590901.9516158,131066,-50.0
1759590910.2124698,131116,-50.0
1759590939.2276053,131285,-50.0
1759590964.891564,131435,-50.0
1759590991.062168,131585,-50.0
1759591008.261049,131685,-50.0
1759591026.4229069,131785,-50.0
1759591051.6186593,131935,-50.0
1759591108.100595,132252,-19.0
1759591215.0066137,132850,-50.0
1759591227.8795853,132921,-20.0
1759591349.3039427,133571,-50.0
1759591358.1129525,133621,-50.0
1759591435.738358,134061,-26.0
1759591523.8334267,134561,-50.0
1759591540.6843917,134661,-50.0
1759591551.816606,134741,-50.0
1759591577.6004822,134891,-50.0
1759591606.2349694,135041,-50.0
1759591633.7194214,135191,-50.0
1759591664.5390017,135355,-50.0
1759591674.1181817,135405,-50.0
1759591709.717969,135611,-50.0
1759591727.5779421,135711,-50.0
1759591744.810514,135811,-50.0
1759591752.2361348,135853,-41.0
1759591788.6251194,136053,-50.0
1759591873.7907398,136553,-50.0
1759591891.0679226,136653,-50.0
1759591899.9064882,136703,-50.0
1759591918.1029534,136803,-50.0
1759591957.588033,137005,-50.0
1759591975.8313966,137105,-50.0
1759591989.224974,137176,-50.0
1759592009.1610072,137276,-50.0
1759592069.3139446,137596,-3.0
1759592124.279904,137918,-1.0
1759592148.5919554,138060,-41.0
1759592156.2894983,138110,-50.0
1759592181.434686,138260,-50.0
1759592198.8171964,138360,-50.0
1759592206.346715,138410,-50.0
1759592226.9327004,138532,-50.0
1759592262.8026404,138748,-50.0
1759592299.4941018,138948,-50.0
1759592308.0610437,138998,-50.0
1759592432.18918,139686,-50.0
1759592456.7098446,139822,-50.0
1759592481.396932,139972,-50.0
1759592513.2276495,140150,-50.0
1759592545.7420304,140323,-22.0
1759592570.483639,140455,-50.0
1759592588.5250192,140555,-50.0
1759592633.9434488,140835,-50.0
1759592677.4226441,141085,-50.0
1759592685.9558988,141135,-50.0
1759592728.0626028,141376,-50.0
1759592745.0299816,141468,-41.0
1759592794.5907314,141778,-50.0
1759592812.8719409,141885,-6.0
1759592831.1425788,141985,-50.0
1759592840.7503703,142035,-50.0
1759592867.6093926,142185,-50.0
1759592885.0935795,142285,-50.0
1759592931.6558244,142553,-50.0
1759593004.373746,142963,-50.0
1759593050.5451348,143212,-50.0
1759593096.3857608,143462,-50.0
1759593133.9490337,143677,-50.0
1759593236.6435544,144247,-50.0
1759593246.3380115,144297,-50.0
1759593256.0301902,144345,-47.0
1759593329.2839048,144769,-50.0
1759593383.2261665,145086,-16.0
1759593407.5673187,145236,-50.0
1759593449.6787632,145478,-50.0
1759593523.8247273,145916,-50.0
1759593532.0235522,145966,-50.0
1759593587.365667,146254,-50.0
1759593637.8019605,146524,-50.0
1759593667.019286,146674,-50.0
1759593690.7543933,146806,-50.0
1759593699.191874,146856,-50.0
1759593708.0004299,146906,-50.0
1759593719.849393,146970,-43.0
1759593754.8742986,147170,-50.0
1759593780.2384589,147320,-50.0
1759593789.6450171,147370,-50.0
1759593824.2096229,147570,-50.0
1759593826.281583,147582,-11.0
1759593834.7694728,147632,-50.0
1759593872.4119935,147847,-50.0
1759593890.2145462,147947,-50.0
1759593979.082088,148447,-50.0
1759594039.5459378,148781,-50.0
1759594076.917248,148985,-3.0
1759594079.8454163,148999,-7.0
1759594101.4747012,149118,-50.0
1759594199.0423014,149673,-50.0
1759594225.344063,149823,-50.0
1759594250.2477014,149973,-50.0
1759594299.5296197,150250,-50.0
1759594380.7110987,150700,-50.0
1759594407.9559236,150850,-50.0
1759594426.2033293,150950,-50.0
1759594479.790276,151261,-50.0
1759594508.8327432,151421,-50.0
1759594518.6676362,151471,-50.0
1759594576.888813,151797,-50.0
1759594608.29828,151972,-24.0
1759594617.691315,152022,-50.0
1759594642.0377102,152172,-50.0
1759594653.5513835,152245,-22.0
1759594704.8449416,152539,-50.0
1759594736.5474632,152701,-50.0
1759594768.1108472,152875,-50.0
1759594805.8044093,153075,-50.0
1759594825.4507732,153175,-50.0
1759594879.8895204,153475,-50.0
1759594993.1237278,154130,-50.0
1759595010.4248955,154230,-50.0
1759595038.1954143,154380,-50.0
1759595065.238619,154517,-36.0
1759595094.0943394,154667,-50.0
1759595103.3841438,154717,-50.0
1759595138.8367739,154913,-50.0
1759595211.739393,155313,-50.0
1759595257.6783834,155578,-50.0
1759595281.2010624,155716,-50.0
1759595289.8623812,155766,-50.0
1759595352.079677,156094,-50.0
1759595428.8112864,156494,-50.0
1759595526.4339957,157066,-50.0
1759595586.2312334,157416,-50.0
1759595628.323758,157644,-50.0
1759595673.7994156,157894,-50.0
1759595737.1986442,158240,-14.0
1759595762.6770113,158390,-50.0
1759595821.0590131,158741,-50.0
1759595828.9427147,158791,-50.0
1759595837.0294652,158832,-40.0
1759595870.8435318,159032,-50.0
1759595879.5797415,159082,-50.0
1759595888.7318628,159132,-50.0
1759595909.1790972,159232,-50.0
1759595926.4751778,159337,-50.0
1759595942.2191248,159437,-50.0
1759595982.771647,159654,-21.0
1759595991.2868128,159704,-50.0
1759596017.4690897,159854,-50.0
1759596063.5457478,160109,-50.0
1759596071.962698,160159,-50.0
1759596092.4083762,160277,-50.0
1759596126.1969874,160472,-1.0
1759596137.194648,160538,-50.0
1759596162.8588653,160688,-50.0
1759596171.5740366,160738,-50.0
1759596179.556391,160788,-50.0
1759596203.6438653,160933,-50.0
1759596243.5643113,161161,-3.0
1759596278.6989563,161361,-50.0
1759596302.24272,161502,-16.0
1759596362.1636937,161852,-50.0
1759596372.1620653,161902,-50.0
1759596389.2009306,162002,-50.0
1759596400.7152004,162080,-1.0
1759596493.2768693,162644,-50.0
1759596501.891938,162694,-50.0
1759596537.7007182,162894,-50.0
1759596552.1172416,162982,-37.0
1759596615.236806,163332,-50.0
1759596626.4572213,163400,-50.0
1759596642.0435843,163487,-36.0
1759596662.838915,163610,-50.0
1759596695.0326192,163795,-50.0
1759596704.5813072,163845,-50.0
1759596713.353354,163895,-50.0
1759596722.1529062,163945,-50.0
1759596730.705617,163995,-50.0
1759596739.477472,164045,-50.0
1759596777.6863146,164245,-50.0
1759596788.809648,164309,-50.0
1759596800.6395717,164368,-8.0
1759596824.95477,164518,-50.0
1759596843.0302055,164624,-5.0
1759596848.0027728,164652,-27.0
1759596875.5980656,164802,-50.0
1759596959.4256828,165252,-50.0
1759597001.8335571,165502,-50.0
1759597010.9013634,165552,-50.0
1759597064.912958,165852,-50.0
1759597127.2392645,166228,-50.0
1759597134.266093,166278,-50.0
1759597175.522045,166493,-50.0
1759597202.0738583,166643,-50.0
1759597244.7980294,166886,-25.0
1759597282.711692,167086,-50.0
1759597312.7943923,167254,-29.0
1759597325.7194679,167330,-25.0
1759597366.2264564,167573,-50.0
1759597388.7357383,167690,-50.0
1759597423.3281834,167890,-50.0
1759597441.045192,167990,-50.0
1759597449.2684662,168040,-50.0
1759597476.1755056,168202,-11.0
1759597510.621521,168402,-50.0
1759597539.893316,168552,-50.0
1759597549.2575514,168602,-50.0
1759597573.8758085,168752,-50.0
1759597644.0962534,169157,-50.0
1759597709.4297423,169516,-50.0
1759597752.6516273,169763,-50.0
1759597761.8246639,169813,-50.0
1759597763.473902,169822,-8.0
1759597772.6328373,169872,-50.0
1759597794.1075099,169984,-11.0
1759597833.9637659,170200,-50.0
1759597896.9289343,170520,-50.0
1759598099.5012796,171610,-50.0
1759598127.6109922,171760,-50.0
1759598145.6671617,171860,-50.0
1759598163.5416512,171960,-50.0
1759598183.266093,172068,-7.0
1759598201.150283,172168,-50.0
1759598218.9390554,172268,-50.0
1759598234.985943,172368,-50.0
1759598243.1335194,172418,-50.0
1759598252.4318955,172468,-50.0
1759598404.626088,173317,-50.0
1759598483.5291708,173758,-50.0
1759598490.3467069,173792,-33.0
1759598539.9819345,174061,-21.0
1759598582.2048776,174261,-50.0
1759598592.6542754,174311,-50.0
1759598629.8651977,174516,-50.0
1759598639.978652,174566,-50.0
1759598668.501795,174716,-50.0
1759598738.9289293,175083,-50.0
1759598765.9071507,175233,-50.0
1759598775.9411757,175283,-50.0
1759598838.7587419,175604,-50.0
1759598866.9372854,175744,-39.0
1759598867.7747521,175748,-3.0
1759598886.3037853,175848,-50.0
1759598893.5884008,175886,-37.0
1759598919.9155624,176036,-50.0
1759598929.3276772,176086,-50.0
1759598939.539211,176136,-50.0
1759599003.9209397,176476,-50.0
1759599013.6277955,176534,-50.0
1759599032.0272253,176634,-50.0
1759599146.9955604,177211,-50.0
1759599174.418635,177361,-50.0
1759599182.9489481,177411,-50.0
1759599192.7698624,177461,-50.0
1759599202.1999738,177511,-50.0
1759599241.2141547,177711,-50.0
1759599268.176641,177861,-50.0
1759599382.5155401,178480,-50.0
1759599391.9737031,178530,-50.0
1759599400.9255414,178580,-50.0
1759599455.2447329,178880,-50.0
1759599466.0299704,178933,-50.0
1759599494.7113047,179087,-50.0
1759599525.9532628,179242,-50.0
1759599535.3153868,179292,-50.0
1759599570.961225,179483,-50.0
1759599646.4884248,179880,-42.0
1759599731.7745194,180313,-50.0
1759599751.552127,180413,-50.0
1759599755.907535,180433,-19.0
1759599765.7075582,180480,-46.0
1759599788.5405285,180591,-50.0
1759599808.8527942,180691,-50.0
1759599836.1698775,180834,-50.0
1759599918.7850168,181267,-50.0
1759599946.5009637,181417,-50.0
1759599975.9493232,181567,-50.0
1759600065.6224985,182031,-50.0
1759600182.43711,182631,-50.0
1759600225.935026,182848,-50.0
1759600278.6940966,183107,-50.0
1759600289.7345903,183157,-50.0
1759600303.0975173,183221,-13.0
1759600338.0273323,183398,-26.0
1759600386.6940427,183631,-28.0
1759600403.593052,183711,-50.0
1759600422.2930417,183811,-50.0
1759600439.8528023,183904,-50.0
1759600461.0585752,184028,-23.0
1759600476.797235,184113,-50.0
1759600484.4678037,184156,-42.0
1759600502.4759562,184256,-50.0
1759600521.7569094,184369,-50.0
1759600640.4773293,184993,-50.0
1759600650.9343133,185043,-50.0
1759600674.585099,185156,-50.0
1759600738.368636,185476,-25.0
1759600745.5510423,185519,-42.0
1759600823.6639671,185920,-40.0
1759600833.4721408,185970,-50.0
1759600875.2325735,186175,-49.0
1759600885.1514604,186225,-50.0
1759600894.5788383,186275,-50.0
1759600923.73637,186425,-50.0
1759600933.6100204,186475,-50.0
1759600981.8671987,186725,-50.0
1759601031.572083,186975,-50.0
1759601061.1886618,187125,-50.0
1759601135.8515565,187525,-50.0
1759601173.6684685,187725,-50.0
1759601192.3997493,187822,-50.0
1759601267.0056164,188226,-50.0
1759601307.9086041,188454,-27.0
1759601359.3958056,188712,-50.0
1759601367.417428,188751,-38.0
1759601393.4121504,188880,-4.0
1759601403.0612192,188930,-50.0
1759601466.7402647,189253,-49.0
1759601526.022963,189574,-46.0
1759601580.293151,189874,-50.0
1759601614.1239913,190050,-76.0
1759601631.8625357,190150,-50.0
1759601636.2357674,190173,-22.0
1759601702.9458044,190523,-50.0
1759601758.0840557,190823,-50.0
1759601776.99968,190917,-43.0
1759601779.7465842,190929,-11.0
1759601800.332994,191029,-50.0
1759601838.761951,191229,-50.0
1759601872.8221264,191429,-50.0
1759601921.0589447,191668,-50.0
1759601952.3084352,191818,-50.0
1759602034.2592778,192233,-50.0
1759602052.6913095,192333,-50.0
1759602093.2401497,192533,-50.0
1759602113.3622959,192633,-50.0
1759602153.9613237,192833,-50.0
1759602181.0155582,192983,-50.0
1759602216.526091,193170,-46.0
1759602236.7283046,193275,-4.0
1759602321.100932,193704,-50.0
1759602347.014855,193847,-50.0
1759602405.9123664,194178,-30.0
1759602436.101803,194327,-50.0
1759602501.75482,194665,-50.0
1759602511.9433172,194715,-50.0
1759602542.3060575,194865,-50.0
1759602561.9020886,194965,-50.0
1759602636.697373,195344,-50.0
1759602639.7008736,195358,-13.0
1759602644.1448708,195380,-21.0
1759602657.6225514,195450,-19.0
1759602715.407941,195739,-50.0
1759602762.060088,195969,-29.0
1759602887.3942468,196588,-50.0
1759602896.4579902,196638,-50.0
1759602958.932831,196986,-50.0
1759603008.7941797,197235,-48.0
1759603063.2585347,197522,-50.0
1759603081.4038029,197622,-50.0
1759603090.9776862,197672,-50.0
1759603137.0592103,197923,-50.0
1759603223.1143813,198344,-50.0
1759603245.1395054,198455,-10.0
1759603256.7011955,198512,-50.0
1759603265.2413113,198553,-40.0
1759603274.4499612,198603,-50.0
1759603304.659284,198753,-50.0
1759603392.1241882,199224,-50.0
1759603401.6470063,199274,-50.0
1759603413.8684416,199335,-10.0
1759603487.5113132,199693,-50.0
1759603494.0434499,199726,-32.0
1759603518.2356093,199843,-50.0
1759603548.6529543,199993,-50.0
