Wall time,Step,Value
1767922411.8421576,65,-1020.7854614257812
1767922415.9493053,353,-196.3059539794922
1767922416.5666666,403,-252.88034057617188
1767922419.4289916,553,-247.0597686767578
1767922419.6518264,558,-1032.9300537109375
1767922420.8553224,708,-199.64903259277344
1767922422.6960955,908,-259.0218811035156
1767922423.2671747,958,-188.58103942871094
1767922430.6446846,1608,-165.18544006347656
1767922434.1617396,1904,-112.05498504638672
1767922434.8211713,1954,-199.10421752929688
1767922435.3417282,2004,-187.6951904296875
1767922437.9372883,2213,-126.90457153320312
1767922442.1597567,2613,-103.10640716552734
1767922442.7173822,2663,-198.87936401367188
1767922444.794874,2813,-33.085567474365234
1767922445.357227,2863,-188.755126953125
1767922447.1176627,3013,-140.1840362548828
1767922447.249558,3030,-1069.54248046875
1767922449.5998514,3255,-232.0237579345703
1767922451.7510211,3464,-78.69339752197266
1767922454.8959146,3687,-102.25423431396484
1767922460.451458,4147,-147.05853271484375
1767922462.4663029,4347,-282.4907531738281
1767922463.849125,4497,-47.35327911376953
1767922464.773199,4547,-171.81686401367188
1767922472.3884246,5247,-70.7217025756836
1767922474.7068167,5447,-151.62940979003906
1767922475.1555789,5497,-183.04965209960938
1767922476.2187846,5597,-167.0094757080078
1767922477.466628,5697,-140.3489227294922
1767922480.4303443,5997,-47.25053405761719
1767922484.4679258,6397,-59.954429626464844
1767922485.2262032,6497,-252.7785186767578
1767922485.727625,6547,-163.3699951171875
1767922487.1741436,6697,-117.97977447509766
1767922490.4859126,7047,-203.90525817871094
1767922492.1456988,7197,-145.23825073242188
1767922493.2012353,7297,-197.2774200439453
1767922494.494959,7397,-68.48835754394531
1767922498.2785227,7747,-92.69526672363281
1767922498.7185783,7797,-78.16844940185547
1767922500.6586816,7944,-97.46697998046875
1767922505.1581285,8294,-191.89366149902344
1767922505.6682703,8344,-179.3751678466797
1767922506.019362,8394,-110.74951171875
1767922507.9074144,8538,-70.41974639892578
1767922508.33955,8588,-228.2014923095703
1767922512.76367,9088,-132.57528686523438
1767922513.3977578,9138,-192.42225646972656
1767922514.364853,9238,-146.2752227783203
1767922517.1978762,9517,-138.7482147216797
1767922518.072315,9617,-77.1194076538086
1767922519.099294,9717,-65.69163513183594
1767922524.423027,10200,-48.78173065185547
1767922527.4570708,10450,-140.15162658691406
1767922535.523702,11200,-179.09750366210938
1767922536.2071826,11250,-93.54655456542969
1767922543.3804104,11900,-111.75279235839844
1767922543.965822,11950,-318.45550537109375
1767922544.4209764,12000,-264.52264404296875
1767922550.722132,12522,-108.22286987304688
1767922552.2508438,12672,-108.69880676269531
1767922554.9826376,12872,-233.83157348632812
1767922556.673423,13041,-94.91625213623047
1767922558.4322226,13191,-72.25174713134766
1767922559.6127374,13285,-109.56015014648438
1767922561.0381296,13385,-312.1119079589844
1767922563.3971837,13583,-36.96260452270508
1767922564.22135,13683,-104.6747817993164
1767922564.9698155,13733,-59.89598846435547
1767922569.8618753,14185,-88.7038803100586
1767922571.6169662,14385,-101.79351806640625
1767922572.8101308,14536,-36.42488098144531
1767922573.8866744,14636,-292.2183532714844
1767922573.937397,14637,-1009.747802734375
1767922575.361717,14787,-129.5862274169922
1767922583.287297,15483,-82.59288024902344
1767922588.4986565,15883,-45.57941436767578
1767922588.904371,15933,-165.26710510253906
1767922592.8688877,16333,-223.9341583251953
1767922594.999903,16533,-138.47535705566406
1767922598.4183033,16810,-59.098548889160156
1767922599.0779638,16860,-101.33352661132812
1767922599.6319306,16910,-179.25961303710938
1767922605.2397733,17451,-127.9316177368164
1767922610.4256449,17851,-94.95947265625
1767922612.1690235,17993,-89.98194885253906
1767922613.1355407,18093,-238.3367156982422
1767922615.5913255,18298,-51.902584075927734
1767922618.2405047,18522,-30.247589111328125
1767922619.0629604,18582,-18.378273010253906
1767922625.1120667,19037,-104.56629180908203
1767922628.695912,19337,-92.37924194335938
1767922629.1382587,19387,-84.31380462646484
1767922635.8702998,20051,-1015.1203002929688
1767922636.4292486,20101,-104.44209289550781
1767922637.5675845,20201,-66.08084869384766
1767922639.061625,20371,-43.83903884887695
1767922639.69802,20421,-86.10159301757812
1767922640.9297452,20521,-168.54945373535156
1767922644.5205283,20821,-44.8179931640625
1767922646.9045851,21021,-110.58467102050781
1767922648.9261627,21241,-100.03489685058594
1767922650.3846335,21396,-98.7261962890625
1767922652.3704457,21546,-194.062255859375
1767922653.7887213,21646,-72.35723114013672
1767922656.5095417,21846,-55.34093475341797
1767922657.059204,21896,-52.04421615600586
1767922659.3048007,22146,-55.52657699584961
1767922659.6007457,22196,-121.45800018310547
1767922662.7598705,22493,-57.24152755737305
1767922663.8496494,22593,-36.53818130493164
1767922667.4038343,22843,-134.90167236328125
1767922675.639783,23555,-1009.1058959960938
1767922676.4262173,23605,-158.6065216064453
1767922676.79467,23655,-81.78475189208984
1767922677.560997,23705,-118.56598663330078
1767922677.6701186,23717,-1048.5672607421875
1767922679.2600214,23867,-102.28193664550781
1767922679.9975634,23917,-43.63067626953125
1767922680.5969307,23967,-274.6297302246094
1767922687.716956,24631,-115.6496353149414
1767922688.192329,24681,-242.28843688964844
1767922689.1095147,24781,-62.327919006347656
1767922689.138206,24786,-7.8438720703125
1767922690.0335414,24836,-52.53470993041992
1767922691.1047719,24936,-56.827056884765625
1767922693.3620467,25136,-178.43508911132812
1767922694.5815892,25236,-129.69869995117188
1767922696.639485,25414,-84.08466339111328
1767922697.6733363,25514,-116.7798843383789
1767922699.4605973,25684,-94.24594116210938
1767922701.5367546,25984,-68.53828430175781
1767922703.4193714,26084,-63.339046478271484
1767922705.371108,26284,-114.9043960571289
1767922707.4996045,26489,-128.10914611816406
1767922713.3866518,26995,-107.72709655761719
1767922714.2269824,27045,-91.94699096679688
1767922716.1189442,27195,-158.5365753173828
1767922717.0764496,27295,-89.84320068359375
1767922718.020435,27345,-46.869625091552734
1767922719.0337088,27410,-14.411454200744629
1767922720.019906,27510,-106.38817596435547
1767922723.8771236,27860,-63.981971740722656
1767922726.475093,28079,-41.546592712402344
1767922729.1199727,28329,-126.34809112548828
1767922729.648072,28379,-131.16146850585938
1767922733.9198985,28779,-120.78313446044922
1767922734.5065703,28829,-58.711795806884766
1767922737.7124143,29039,-30.378583908081055
1767922738.1451988,29089,-83.72162628173828
1767922740.3192227,29289,-92.65184020996094
1767922742.6865473,29489,-170.6981658935547
1767922745.7763467,29789,-51.96492004394531
1767922746.3601208,29839,-123.00212097167969
1767922749.1228964,30050,-222.09762573242188
1767922750.231661,30150,-79.50204467773438
1767922752.7304564,30325,-69.04360961914062
1767922753.915314,30475,-152.23182678222656
1767922755.1315763,30575,-108.95507049560547
1767922758.9134846,30925,-56.283294677734375
1767922760.3392196,31075,-44.03095626831055
1767922763.0029614,31316,-78.57362365722656
1767922763.4781678,31366,-40.6942024230957
1767922765.1543689,31531,-115.5110092163086
1767922767.20024,31687,-134.51722717285156
1767922770.699009,32012,-21.717975616455078
1767922771.884463,32082,-63.19429397583008
1767922779.6978369,32749,-23.746639251708984
1767922786.26535,33276,-183.09664916992188
1767922787.1920433,33351,-41.45089340209961
1767922788.263781,33451,-100.33146667480469
1767922789.0368161,33501,-113.588623046875
1767922789.8442512,33601,-48.66815948486328
1767922790.4265661,33651,-161.62335205078125
1767922791.5987113,33751,-49.74558639526367
1767922792.1268957,33801,-30.456953048706055
1767922792.6965287,33851,-84.83175659179688
1767922795.5268142,34054,-76.43697357177734
1767922798.8626566,34307,-88.35682678222656
1767922808.9844146,35297,-106.70480346679688
1767922809.637036,35347,-186.11782836914062
1767922812.606181,35669,-39.049190521240234
1767922813.9770784,35819,-46.535011291503906
1767922814.3799157,35869,-78.07077026367188
1767922815.7317429,35969,-187.94447326660156
1767922816.776185,36069,-102.15760803222656
1767922818.534687,36169,-187.1961669921875
1767922820.9931846,36440,-72.9035415649414
1767922830.1381314,37213,-114.72979736328125
1767922830.7468314,37263,-38.36722183227539
1767922831.7893715,37363,-75.99920654296875
1767922833.775639,37513,-82.66761779785156
1767922837.122431,37837,-26.178194046020508
1767922837.8846185,37887,-74.97138214111328
1767922842.5616474,38248,-80.4544677734375
1767922844.9147477,38448,-124.5460433959961
1767922846.1977541,38591,-139.88917541503906
1767922846.8133466,38632,-22.131305694580078
1767922849.0678241,38832,-164.0350341796875
1767922850.6024199,38982,-64.41558074951172
1767922852.115683,39082,-85.739990234375
1767922855.4664102,39343,-107.58547973632812
1767922858.434085,39627,-66.68026733398438
1767922860.5786545,39777,-75.16627502441406
1767922861.987441,39877,-157.7461700439453
1767922864.1355724,40100,-40.17047882080078
1767922867.211385,40300,-46.19491195678711
1767922867.8836806,40350,-38.572303771972656
1767922875.2088149,40974,-52.46657943725586
1767922876.2204797,41074,-132.18807983398438
1767922879.7054265,41353,-47.189186096191406
1767922881.3952267,41503,-82.63752746582031
1767922882.5241878,41603,-118.06159973144531
1767922885.092333,41803,-85.19535064697266
1767922885.523146,41853,-67.6007080078125
1767922888.9860296,42127,-57.9976806640625
1767922890.1025622,42227,-135.88172912597656
1767922894.1152842,42585,-11.266692161560059
1767922899.2364118,42986,-102.32919311523438
1767922900.6197298,43086,-39.92167663574219
1767922901.6482964,43150,-11.33833122253418
1767922906.9699163,43650,-72.94636535644531
1767922910.032595,43963,-20.497323989868164
1767922911.5394707,44076,-50.08739471435547
1767922913.3727667,44226,-53.04554748535156
1767922918.101845,44618,-132.50950622558594
1767922926.9446259,45410,-25.597795486450195
1767922928.2415974,45556,-46.009456634521484
1767922929.8854313,45741,-109.17573547363281
1767922933.4489367,46032,-59.6839485168457
1767922934.468267,46099,-27.075654983520508
1767922937.9685774,46349,-127.39510345458984
1767922939.2027795,46479,-59.16180419921875
1767922939.6962383,46529,-106.10990905761719
1767922940.2343137,46579,-72.24105072021484
1767922941.5824525,46679,-76.28916931152344
1767922945.704035,47016,-44.67041778564453
1767922946.8829992,47116,-158.72821044921875
1767922950.7683637,47466,-70.79845428466797
1767922952.9769313,47666,-62.09606170654297
1767922953.709956,47766,-56.5196418762207
1767922958.853261,48166,-134.315673828125
1767922959.205703,48216,-78.85845947265625
1767922965.1197348,48631,-61.37080764770508
1767922972.3127825,49131,-64.28348541259766
1767922974.1057982,49284,-8.14432144165039
1767922975.3276176,49384,-48.085079193115234
1767922980.127998,49779,-62.0023193359375
1767922980.8159533,49829,-66.2496109008789
1767922982.0982535,49929,-159.5408477783203
1767922984.084782,50150,-147.9639892578125
1767922989.212327,50552,-142.8310089111328
1767922996.366599,51090,-45.19306564331055
1767922998.352104,51266,-81.35221862792969
1767922999.4273927,51366,-65.28618621826172
1767923000.8226902,51486,-46.52730941772461
1767923002.172297,51586,-58.69534683227539
1767923002.981675,51643,-40.78821563720703
1767923009.2046943,52143,-48.2960205078125
1767923009.771101,52193,-79.5999984741211
1767923011.6230605,52343,-72.96275329589844
1767923012.2174184,52393,-116.53656768798828
1767923014.0800104,52543,-62.27463150024414
1767923015.3800917,52693,-260.7755432128906
1767923016.1230292,52746,-82.06063079833984
1767923019.2279007,52962,-65.1335678100586
1767923023.074419,53275,-39.54590606689453
1767923026.0088491,53508,-21.922582626342773
1767923026.5116575,53558,-93.84388732910156
1767923032.6365056,54058,-36.18388366699219
1767923033.849785,54158,-59.40533447265625
1767923040.1624315,54648,-33.617000579833984
1767923041.5115907,54748,-73.01160430908203
1767923041.888204,54798,-112.958740234375
1767923045.8213937,55145,-93.05953979492188
1767923048.5480714,55395,-52.46444320678711
1767923050.2110162,55592,-25.985637664794922
1767923050.918749,55642,-97.73836517333984
1767923058.0374548,56242,-119.1014633178711
1767923061.205221,56555,-97.68949127197266
1767923063.0096307,56710,-37.951229095458984
1767923066.1324606,56934,-96.90275573730469
1767923067.3464186,57034,-82.43289184570312
1767923069.202855,57197,-40.893741607666016
1767923078.3185208,57937,-138.2806396484375
1767923079.3905861,58037,-76.84153747558594
1767923081.550226,58195,-21.521329879760742
1767923082.2908683,58245,-134.2145538330078
1767923082.7831056,58295,-60.489662170410156
1767923083.8678157,58380,-42.031192779541016
1767923085.62161,58530,-40.7202262878418
1767923087.3412006,58662,-61.6889762878418
1767923090.4679918,58942,-94.42733764648438
1767923092.9556048,59142,-103.50125122070312
1767923096.140301,59350,-57.78456115722656
1767923097.5935323,59450,-68.46382141113281
1767923099.7705686,59650,-50.81129837036133
1767923101.4426453,59800,-32.0806999206543
1767923103.8647785,60050,-73.61447143554688
1767923105.0034347,60153,-50.73343276977539
1767923107.7389433,60403,-113.92920684814453
1767923108.2039297,60453,-102.39767456054688
1767923109.4371295,60564,-58.3812255859375
1767923111.5054305,60764,-59.36166763305664
1767923116.046038,61158,-133.23951721191406
1767923119.4043353,61438,-1.7694514989852905
1767923120.9894075,61588,-67.27207946777344
1767923121.461835,61638,-57.773094177246094
1767923124.9833724,62010,-86.84757232666016
1767923129.8942916,62442,-99.79279327392578
1767923131.4988587,62592,-134.14927673339844
1767923134.4746127,62800,-0.6229028701782227
1767923137.88441,63059,-80.94530487060547
1767923140.2012439,63259,-106.4107437133789
1767923146.4125972,63809,-192.78689575195312
1767923146.9032826,63859,-46.059486389160156
1767923148.999532,64059,-89.33052062988281
1767923152.1849146,64359,-41.033748626708984
1767923153.9051092,64517,-74.26087951660156
1767923155.7554448,64649,-19.17880630493164
1767923170.6896024,65778,-52.97736740112305
1767923173.228172,65978,-46.60105895996094
1767923179.0830393,66437,-50.94720458984375
1767923182.3960202,66687,-136.02267456054688
1767923183.9435952,66787,-52.10537338256836
1767923184.5902545,66837,-54.168636322021484
1767923185.072547,66887,-36.27985763549805
1767923185.6347284,66937,-96.71456146240234
1767923190.36419,67337,-61.18711471557617
1767923194.9798295,67692,-100.13263702392578
1767923195.5977142,67742,-108.9548110961914
1767923197.088492,67842,-48.1333122253418
1767923197.6956127,67892,-85.55857849121094
1767923205.0514798,68491,-87.37269592285156
1767923205.7046258,68541,-51.06813049316406
1767923206.8290145,68641,-66.00406646728516
1767923212.7241523,69080,-42.75324630737305
1767923214.4779837,69196,-19.684246063232422
1767923217.268194,69367,-21.429821014404297
1767923219.138226,69536,-109.40390014648438
1767923220.853955,69697,-75.18899536132812
1767923224.5606096,69982,-85.58697509765625
1767923225.788288,70050,-64.40520477294922
1767923226.4984658,70100,-76.90802001953125
1767923228.0770388,70200,-57.069557189941406
1767923229.8114436,70350,-73.07566833496094
1767923237.3658001,70950,-44.070159912109375
1767923241.0825465,71250,-105.98603820800781
1767923242.989228,71400,-50.10172653198242
1767923243.5030308,71450,-115.90969848632812
1767923249.777048,71910,-65.29456329345703
1767923251.9040365,72060,-100.16480255126953
1767923252.4526596,72110,-92.96255493164062
1767923257.8500426,72546,-49.668392181396484
1767923259.8435009,72696,-35.61585998535156
1767923260.1850562,72723,-29.232807159423828
1767923261.5368834,72823,-50.45470428466797
1767923264.9444582,73054,-87.64320373535156
1767923266.3295236,73160,-45.76103591918945
1767923270.8016503,73548,-75.55131530761719
1767923277.6855657,74050,-78.94434356689453
1767923280.65866,74293,-51.425254821777344
1767923282.262552,74393,-66.4956283569336
1767923296.7935243,75523,-108.7075424194336
1767923301.8335612,75923,-53.5919075012207
1767923303.1689177,76009,-31.183469772338867
1767923304.4418156,76105,-17.381267547607422
1767923308.0562985,76405,-64.85518646240234
1767923308.1024487,76410,-8.843358039855957
1767923311.8745396,76687,-60.42033767700195
1767923317.157371,77076,-106.9059066772461
1767923319.8746305,77276,-61.551387786865234
1767923322.0925777,77476,-86.20713806152344
1767923324.5193434,77676,-142.3500518798828
1767923326.2896032,77826,-34.35597229003906
1767923327.3887222,77912,-31.495325088500977
1767923330.692563,78210,-45.59732437133789
1767923331.303194,78263,-116.48919677734375
1767923334.722831,78516,-122.00473022460938
1767923339.4014199,78916,-28.70933723449707
1767923340.5913508,78992,-125.6379165649414
1767923342.4051778,79142,-56.482975006103516
1767923343.7385304,79242,-136.52359008789062
1767923344.344641,79292,-51.486026763916016
1767923345.0012915,79342,-80.29927825927734
1767923348.5062792,79645,-52.67329788208008
1767923351.0367548,79845,-32.33503341674805
1767923351.6140418,79895,-44.362632751464844
1767923352.276228,79995,-114.75528717041016
1767923354.414041,80129,-7.8751959800720215
1767923358.2171876,80482,-33.303043365478516
1767923358.9804285,80532,-102.67578887939453
1767923360.8757236,80681,-52.961368560791016
1767923361.5823646,80735,-54.648014068603516
1767923367.1533034,81185,-124.6490478515625
1767923372.2784941,81654,-119.55228424072266
1767923377.6092813,82122,-68.7175521850586
1767923378.522593,82222,-51.75545120239258
1767923383.3930242,82572,-43.587440490722656
1767923383.8007646,82622,-90.65113067626953
1767923384.17421,82672,-173.9215850830078
1767923386.1912043,82822,-125.01648712158203
1767923388.087475,82972,-86.78510284423828
1767923390.8118591,83172,-46.41707992553711
1767923393.1605604,83348,-51.079261779785156
1767923405.0928545,84244,-40.59554672241211
1767923406.595278,84400,-34.6689338684082
1767923409.5307863,84600,-60.87179946899414
1767923411.0202003,84750,-68.79248809814453
1767923412.2561052,84850,-94.1507339477539
1767923414.2537036,85050,-44.09610366821289
1767923415.5976088,85150,-85.760009765625
1767923419.5789728,85474,-66.21992492675781
1767923422.4742866,85672,-38.0247802734375
1767923428.2213671,86097,-114.76057434082031
1767923431.5526192,86329,-51.528690338134766
1767923432.3587875,86379,-108.51018524169922
1767923433.0253222,86429,-30.861066818237305
1767923439.9829,87018,-54.7469482421875
1767923441.9703739,87168,-66.84339904785156
1767923444.8457716,87418,-87.91281127929688
1767923448.5728056,87736,-39.193199157714844
1767923451.122568,87936,-71.9794692993164
1767923453.0033872,88053,-24.064302444458008
1767923456.1578598,88320,-87.79669189453125
1767923456.8789642,88369,-42.70518112182617
1767923457.3844936,88419,-75.83111572265625
1767923458.7333264,88492,-12.0767183303833
1767923461.7650356,88725,-68.1337890625
1767923464.967169,88979,-48.89336395263672
1767923465.7262404,89029,-35.74376678466797
1767923471.923009,89511,-59.68916702270508
1767923472.3868954,89561,-33.51004409790039
1767923474.334138,89712,-1.8530980348587036
1767923474.9991004,89762,-30.77663803100586
1767923476.8877358,89941,-59.66143035888672
1767923478.0930974,90050,-53.74742889404297
1767923481.458824,90320,-40.05970764160156
1767923483.1459346,90470,-86.8111801147461
1767923485.5251772,90650,-74.31937408447266
1767923485.8482425,90700,-113.25980377197266
1767923487.029046,90768,-84.82720184326172
1767923487.6829808,90818,-59.76250457763672
1767923488.9902685,90918,-55.934356689453125
1767923496.1345234,91412,-51.93995666503906
1767923497.1763783,91512,-59.40842056274414
1767923501.7759323,91912,-150.45736694335938
1767923502.2290926,91962,-97.39909362792969
1767923504.0144565,92112,-145.46511840820312
1767923526.448447,93792,-38.64698791503906
1767923532.4269202,94242,-33.38713836669922
1767923533.4330459,94292,-143.91375732421875
1767923538.1896744,94604,-81.61334228515625
1767923540.8752425,94804,-55.880714416503906
1767923545.3357358,95154,-80.8331069946289
1767923545.8726153,95204,-65.20620727539062
1767923553.5160103,95763,-87.76976013183594
1767923555.0769525,95913,-176.91952514648438
1767923560.215085,96329,-103.98931884765625
1767923563.5828865,96583,-6.7224297523498535
1767923565.060502,96663,-17.172555923461914
1767923568.8924193,96999,-57.81712341308594
1767923569.6222537,97049,-93.1068344116211
1767923570.6736887,97105,-8.265005111694336
1767923572.56121,97255,-42.336551666259766
1767923576.0924137,97535,-17.783750534057617
1767923576.678884,97585,-98.37921905517578
1767923579.1945987,97770,-37.16992950439453
1767923579.6694138,97820,-50.54228973388672
1767923582.7014542,97993,-41.97869110107422
1767923583.3340876,98043,-82.66758728027344
1767923586.1242447,98294,-42.48302459716797
1767923591.8216815,98744,-38.142398834228516
1767923592.9696443,98845,-45.613372802734375
1767923598.1045716,99294,-36.8339958190918
1767923604.1383529,99794,-52.2381591796875
1767923610.7654457,100250,-48.92655944824219
1767923614.9122624,100563,-54.75163269042969
1767923619.7857375,100961,-13.357473373413086
1767923623.1610389,101241,-41.88451385498047
1767923626.6666925,101560,-46.13502883911133
1767923627.6471965,101660,-44.56780242919922
1767923630.5412183,101870,-39.98607635498047
1767923631.7478006,101960,-105.38814544677734
1767923633.0025182,102056,-8.307899475097656
1767923633.482393,102106,-148.93296813964844
1767923636.8112762,102406,-109.78234100341797
1767923639.297714,102606,-81.36482238769531
1767923645.2738538,103156,-110.12698364257812
1767923647.433038,103281,-39.733543395996094
1767923649.6418095,103468,-32.59390640258789
1767923656.165375,104033,-116.49295043945312
1767923661.335129,104435,-125.28068542480469
1767923669.3321488,105068,-51.28113555908203
1767923678.8000019,105907,-106.1632080078125
1767923680.9970825,106066,-12.779167175292969
1767923681.7464912,106116,-67.69596099853516
1767923684.8738835,106353,-29.058759689331055
1767923688.7096195,106603,-119.20088195800781
1767923690.1849887,106753,-35.662384033203125
1767923693.4807737,106997,-63.18284225463867
1767923698.2912407,107392,-79.50910949707031
1767923700.0295532,107527,-81.5196533203125
1767923704.4247324,107839,-55.66999053955078
1767923704.9971304,107889,-64.75851440429688
1767923705.636193,107939,-185.4578857421875
1767923706.6052017,108039,-48.52787399291992
1767923710.8412416,108304,-13.763416290283203
1767923714.0807111,108567,-30.741985321044922
1767923720.9691076,109102,-68.36152648925781
1767923727.1398962,109652,-49.09695053100586
1767923730.07939,109864,-42.33181381225586
1767923731.217588,109964,-29.425617218017578
1767923732.2407498,110050,-64.4206771850586
1767923732.726651,110100,-103.2470932006836
1767923733.9377081,110202,-77.83551025390625
1767923734.7037995,110252,-115.77132415771484
1767923751.0224922,111519,-70.88265228271484
1767923752.1971295,111599,-93.5538101196289
1767923755.1304362,111799,-142.22445678710938
1767923756.0432017,111849,-63.86882400512695
1767923758.725031,112099,-49.77561950683594
1767923759.817151,112149,-40.201820373535156
1767923767.2129815,112735,-36.02166748046875
1767923770.592671,113022,-3.283113956451416
1767923772.326464,113122,-47.1947021484375
1767923772.7589178,113172,-140.93551635742188
1767923775.1877494,113372,-55.145172119140625
1767923780.7736404,113748,-24.311431884765625
1767923784.3347867,114059,-17.595829010009766
1767923789.0530179,114379,-42.91206741333008
1767923792.0716853,114602,-43.30257034301758
1767923792.876267,114671,-32.63984680175781
1767923794.4860656,114786,-92.25737762451172
1767923795.0489194,114848,-19.063207626342773
1767923795.7781878,114898,-41.729042053222656
1767923796.593831,114947,-50.875335693359375
1767923799.536004,115197,-103.47178649902344
1767923801.5846994,115397,-128.26185607910156
1767923801.658543,115410,-29.202255249023438
1767923802.1844385,115437,-26.437944412231445
1767923803.2460103,115525,-20.39913558959961
1767923804.6588755,115625,-47.168540954589844
1767923807.5401464,115875,-150.59649658203125
1767923808.7611773,115975,-58.44051742553711
1767923812.7811663,116335,-16.800033569335938
1767923830.3650641,117601,-39.262264251708984
1767923830.8667483,117651,-42.029701232910156
1767923831.9973717,117751,-59.784210205078125
1767923836.5968564,118153,-2.709092140197754
1767923837.2273612,118203,-78.15512084960938
1767923841.1799567,118539,-50.9608268737793
1767923842.7711163,118648,-10.078957557678223
1767923843.3217494,118698,-56.67575454711914
1767923845.0320318,118848,-41.49954605102539
1767923848.6270783,119162,-45.4975471496582
1767923849.7656763,119250,-36.34056854248047
1767923852.490715,119488,-46.584835052490234
1767923858.7966585,120058,-61.652103424072266
1767923859.4644797,120108,-87.55671691894531
1767923864.8493013,120494,-59.7901611328125
1767923865.7198873,120544,-72.34635925292969
1767923868.566902,120774,-30.82118034362793
1767923869.1209931,120824,-43.81505584716797
1767923870.430545,120931,-80.57811737060547
1767923870.6513793,120953,-11.400289535522461
1767923871.046881,120991,-20.66606330871582
1767923872.7946162,121141,-84.88986206054688
1767923884.566226,122033,-43.91161346435547
1767923888.636298,122328,-21.222078323364258
1767923888.8700223,122354,-18.77069854736328
1767923890.1901505,122475,-60.834293365478516
1767923894.6781297,122812,-84.6742172241211
1767923896.6757402,122917,-15.796380996704102
1767923897.3858101,123017,-72.92335510253906
1767923899.3434827,123167,-39.540523529052734
1767923902.221433,123367,-50.68399429321289
1767923908.9060836,123817,-33.81876754760742
1767923911.518567,124057,-44.77991485595703
1767923914.3535495,124257,-26.742101669311523
1767923914.541728,124279,-10.978888511657715
1767923916.5665872,124479,-89.34689331054688
1767923917.1627648,124529,-99.41194915771484
1767923917.6930969,124576,-31.998830795288086
1767923919.6260478,124803,-18.736618041992188
1767923921.71577,124984,-40.19785690307617
1767923922.708985,125034,-42.07752990722656
1767923924.9286468,125206,-34.21383285522461
1767923927.1096203,125373,-77.1664047241211
1767923927.7400029,125423,-94.12354278564453
1767923928.3914247,125473,-54.72770309448242
1767923930.258084,125619,-24.10137939453125
1767923933.7667935,125908,-39.58327102661133
1767923934.5303419,125958,-38.64363098144531
1767923935.1605704,126008,-32.673397064208984
1767923937.4787946,126179,-21.191022872924805
1767923938.3393397,126229,-60.60052490234375
1767923941.0773218,126417,-26.199344635009766
1767923942.8953178,126556,-38.00160217285156
1767923944.1170993,126661,-28.553417205810547
1767923945.788108,126761,-81.53575897216797
1767923946.743018,126852,-63.21889877319336
1767923948.7145698,127002,-73.81942749023438
1767923953.2230132,127324,-103.75920104980469
1767923960.095263,127875,-31.980392456054688
1767923960.7207274,127927,-6.211426258087158
1767923966.231524,128411,-12.932238578796387
1767923966.6722786,128461,-55.353031158447266
1767923972.0839968,128884,-62.094032287597656
1767923977.4941287,129307,-40.60149383544922
1767923978.522675,129388,-34.47713088989258
1767923980.0393968,129488,-59.728363037109375
1767923981.6797128,129638,-67.94554901123047
1767923983.7355187,129788,-46.29606246948242
1767923987.729684,130110,-45.369468688964844
1767923988.3407152,130160,-46.02788543701172
1767923991.4527383,130400,-42.492431640625
1767923992.4856439,130482,-37.91583251953125
1767923992.9878705,130532,-113.90377807617188
1767923995.613889,130709,-66.62492370605469
1767924003.9263146,131300,-67.27113342285156
1767924004.955779,131373,-41.26789474487305
1767924005.3128862,131389,-9.57898235321045
1767924010.142722,131803,-28.374221801757812
1767924011.4724095,131903,-57.446617126464844
1767924012.7133415,132003,-46.83837127685547
1767924016.6791265,132315,-76.10794830322266
1767924021.0458002,132681,-43.6396484375
1767924022.4247558,132785,-46.04007339477539
1767924023.2081351,132835,-41.01504135131836
1767924024.6130826,132955,-17.951786041259766
1767924025.9706256,133047,-41.33713150024414
1767924026.6350288,133097,-62.61347198486328
1767924027.3732948,133149,-12.932748794555664
1767924030.691121,133417,-54.7492561340332
1767924032.9877021,133617,-85.20458221435547
1767924033.127387,133628,-7.51813268661499
1767924040.4679177,134260,-64.47888946533203
1767924041.7514727,134369,-64.08889770507812
1767924042.5032578,134445,-50.49170684814453
1767924044.2912583,134593,-39.05004119873047
1767924046.6898055,134768,-88.55357360839844
1767924048.2932165,134918,-64.1220932006836
1767924048.883006,134969,-16.959657669067383
1767924052.9366717,135226,-36.673912048339844
1767924054.9504712,135422,-21.604764938354492
1767924057.787287,135675,-62.25258255004883
1767924059.544607,135775,-48.91189193725586
1767924064.110791,136125,-118.07362365722656
1767924066.481814,136275,-46.04684066772461
1767924067.8838298,136375,-87.95934295654297
1767924068.6484268,136425,-54.5210075378418
1767924070.0399487,136575,-97.2515640258789
1767924070.8991234,136639,-19.77303123474121
1767924073.6998744,136862,-93.45545959472656
1767924077.9024239,137233,-44.81282043457031
1767924081.081981,137443,-63.70892333984375
1767924084.3987641,137663,-32.520755767822266
1767924086.986498,137903,-36.39990234375
1767924094.6386056,138420,-45.480960845947266
1767924095.2287729,138470,-77.53411102294922
1767924095.808379,138520,-27.697772979736328
1767924100.4740596,138931,-26.005258560180664
1767924104.4916325,139249,-39.83210754394531
1767924106.3071985,139399,-73.72683715820312
1767924109.3191383,139624,-67.5877914428711
1767924114.5473967,140050,-117.71295166015625
1767924114.6551747,140056,-5.7888078689575195
1767924117.6414201,140301,-31.806596755981445
1767924121.0598905,140532,-1.502809762954712
1767924122.2765393,140600,-60.02663040161133
1767924124.7678738,140800,-30.138586044311523
1767924125.5439665,140850,-38.596405029296875
1767924125.9500775,140900,-95.04888153076172
1767924127.193158,141000,-61.905738830566406
1767924129.0394378,141121,-24.54717254638672
1767924130.534637,141223,-3.1907293796539307
1767924130.9723608,141273,-85.7712173461914
1767924132.8325734,141412,-80.8914794921875
1767924133.5498102,141462,-44.37458419799805
1767924134.275284,141512,-40.138431549072266
1767924136.4036634,141664,-42.45597457885742
1767924137.8895407,141763,-36.3364372253418
1767924142.5794752,142177,-40.3795166015625
1767924146.815119,142485,-48.35072708129883
1767924150.4706175,142782,-63.62458038330078
1767924151.7762215,142906,-16.899023056030273
1767924159.671028,143478,-63.54884719848633
1767924162.5358522,143720,-29.604629516601562
1767924165.644232,143936,-57.16183090209961
1767924169.848033,144301,-60.90869903564453
1767924171.5029867,144408,-55.091556549072266
1767924172.4884741,144507,-38.153465270996094
1767924176.3394828,144805,-40.25323486328125
1767924179.360203,145005,-76.25565338134766
1767924180.1378975,145055,-32.12442398071289
1767924184.7811332,145401,-34.76982116699219
1767924187.3850796,145601,-95.44094848632812
1767924187.9038959,145651,-119.9630126953125
1767924190.174191,145801,-30.782503128051758
1767924190.9736676,145823,-1.648656964302063
1767924194.5659444,146130,-58.72020721435547
1767924197.6528656,146325,-45.10270309448242
1767924199.016473,146482,-5.33736515045166
1767924201.6678336,146682,-61.75267028808594
1767924202.7419405,146782,-33.583152770996094
1767924206.8858335,147080,-70.13880157470703
1767924214.8466563,147748,-45.27867889404297
1767924217.0127208,147898,-45.70606994628906
1767924218.2206,148013,-42.825469970703125
1767924219.480005,148119,-39.616573333740234
1767924220.3010218,148169,-67.00857543945312
1767924223.394218,148382,-11.225346565246582
1767924228.093848,148700,-47.1631965637207
1767924231.9557264,149000,-51.25356674194336
1767924233.3195994,149111,-11.975418090820312
1767924233.960786,149161,-44.795249938964844
1767924237.5930386,149485,-94.36382293701172
1767924241.9438162,149813,-58.43588638305664
1767924249.7676847,150348,-27.96451187133789
1767924254.1311004,150673,-40.13191604614258
1767924256.8576493,150930,-89.20171356201172
1767924259.9255207,151141,-32.65608215332031
1767924265.592545,151534,-37.35822296142578
1767924269.9949126,151851,-24.24848747253418
1767924270.5655904,151901,-41.42726135253906
1767924273.935484,152151,-26.34764289855957
1767924274.2255826,152173,-12.887794494628906
1767924274.8524342,152223,-41.147552490234375
1767924276.0489106,152320,-69.84717559814453
1767924278.1281834,152470,-41.532344818115234
1767924279.7527478,152570,-36.76326370239258
1767924282.5237284,152820,-76.9875717163086
1767924283.1350133,152870,-28.76947593688965
1767924286.963029,153205,-8.115272521972656
1767924287.4303575,153255,-54.24840545654297
1767924289.3220832,153405,-42.935245513916016
1767924293.579623,153735,-41.37544250488281
1767924295.8471646,153885,-137.91746520996094
1767924296.4030821,153935,-46.552791595458984
1767924297.0212808,153985,-40.9488525390625
1767924302.4178543,154393,-76.45943450927734
1767924303.0719702,154464,-5.5371198654174805
1767924305.4789805,154664,-99.5419692993164
1767924309.4881847,155014,-48.71910095214844
1767924309.646345,155032,-21.171932220458984
1767924310.7182033,155132,-51.465431213378906
1767924312.5763535,155282,-104.77349090576172
1767924321.3534083,155974,-47.88215637207031
1767924321.7773252,156024,-53.993717193603516
1767924324.3018186,156209,-67.53311920166016
1767924324.4564838,156229,-11.12020492553711
1767924327.9580832,156477,-84.80663299560547
1767924328.8559103,156551,-30.65454864501953
1767924329.866062,156651,-41.73130798339844
1767924331.062541,156720,-6.592684268951416
1767924333.6854508,156942,-49.356048583984375
1767924334.1670122,156968,-20.11836051940918
1767924335.1270387,157018,-50.69427490234375
1767924335.761633,157068,-42.477909088134766
1767924336.3520172,157118,-41.4619255065918
1767924336.8906038,157168,-59.84284210205078
1767924339.5092857,157368,-78.61681365966797
1767924340.610902,157468,-38.89210510253906
1767924341.6646187,157568,-77.53067779541016
1767924343.6085262,157718,-74.41313171386719
1767924344.9388833,157822,-2.7105634212493896
1767924345.4321485,157867,-39.7864875793457
1767924346.750445,158017,-72.7575912475586
1767924352.3908465,158452,-8.017478942871094
1767924355.472373,158702,-41.274688720703125
1767924355.8602738,158727,-14.2843017578125
1767924359.4076314,158984,-42.29710388183594
1767924365.1383183,159393,-203.6651153564453
1767924365.9726083,159443,-42.173736572265625
1767924368.2901826,159633,-62.606319427490234
1767924370.8514543,159783,-44.573646545410156
1767924373.752052,160017,-33.31259536743164
1767924375.7618809,160181,-72.36469268798828
1767924377.0777013,160302,-1.45915687084198
1767924381.3917222,160630,-88.05220031738281
1767924382.4556658,160732,-45.310752868652344
1767924383.972996,160884,-2.056591272354126
1767924385.7814336,160984,-71.29639434814453
1767924386.4247887,161034,-79.11507415771484
1767924387.9304545,161161,-42.01409912109375
1767924390.4856234,161337,-78.9546890258789
1767924391.386172,161410,-3.630814552307129
1767924391.6998017,161423,-14.505767822265625
1767924393.3220735,161573,-56.10151672363281
1767924397.7533383,161930,-50.255821228027344
1767924402.2502205,162254,-13.59638500213623
1767924405.1931164,162490,-36.52164840698242
1767924406.1809947,162540,-84.60562896728516
1767924406.7232912,162590,-63.104652404785156
1767924406.8428946,162602,-13.469715118408203
1767924408.9695053,162752,-32.28754806518555
1767924414.8674629,163174,-75.43569946289062
1767924428.1178617,164103,-15.298264503479004
1767924429.4922519,164209,-51.80883026123047
1767924430.2674644,164303,-38.1805419921875
1767924431.3089116,164362,-60.60576248168945
1767924432.7612069,164469,-53.627750396728516
1767924433.8402362,164528,-88.62396240234375
1767924435.233466,164628,-26.07735824584961
1767924436.314444,164712,-12.719405174255371
1767924436.8479223,164762,-45.67411804199219
1767924446.1837604,165442,-25.029361724853516
1767924449.877166,165712,-11.079861640930176
1767924450.4333663,165762,-65.57389068603516
1767924454.625375,166099,-38.54479217529297
1767924455.9361959,166231,-16.991727828979492
1767924456.7279825,166281,-55.02317428588867
1767924460.0330272,166531,-38.798519134521484
1767924460.8691483,166581,-36.62299346923828
1767924462.1991026,166683,-96.28630828857422
1767924469.16888,167173,-31.887338638305664
1767924469.6869369,167223,-46.22960662841797
1767924475.0814044,167684,-41.082374572753906
1767924475.8129377,167734,-68.78622436523438
1767924476.5674818,167805,-67.32318115234375
1767924477.117833,167855,-48.24348449707031
1767924478.7000527,167971,-87.67144012451172
1767924479.5558856,168021,-33.81529235839844
1767924480.1783528,168071,-46.54652404785156
1767924484.5417392,168392,-31.548866271972656
1767924485.0978131,168445,-12.38711929321289
1767924486.6855147,168545,-58.60245895385742
1767924492.632278,168990,-55.084327697753906
1767924493.9146194,169096,-92.51227569580078
1767924494.4460263,169146,-43.017906188964844
1767924494.6141806,169175,-27.12714195251465
1767924495.4137528,169225,-34.72075271606445
1767924497.4091034,169391,-18.461360931396484
1767924499.0910718,169541,-50.890541076660156
1767924507.5546393,170113,-34.536041259765625
1767924508.1932178,170163,-73.86331939697266
1767924508.718994,170213,-142.1121063232422
1767924512.362072,170483,-79.0819320678711
1767924513.5674694,170572,-19.72219467163086
1767924515.275897,170697,-48.74739456176758
1767924517.7998233,170859,-34.389461517333984
1767924518.3188937,170886,-32.277809143066406
1767924520.5517411,171060,-40.208152770996094
1767924525.502827,171461,-16.3254451751709
1767924529.6368365,171755,-3.6257331371307373
1767924531.273704,171854,-46.542057037353516
1767924532.2354395,171946,-28.19159507751465
1767924534.0096772,172083,-100.11614227294922
1767924535.1532018,172183,-77.03414154052734
1767924536.8674464,172301,-14.626965522766113
1767924541.7540474,172643,-40.97728729248047
1767924543.9985847,172782,-42.2220344543457
1767924546.4868102,172932,-31.582460403442383
1767924559.0942888,173910,-41.654991149902344
1767924562.4174764,174150,-32.12246322631836
1767924566.4695556,174442,-41.03873825073242
1767924568.391519,174592,-50.69632339477539
1767924570.0739613,174740,-38.63777160644531
1767924573.3736994,174961,-48.91273498535156
1767924574.8622077,175077,-18.7269229888916
1767924575.5919585,175136,-9.945039749145508
1767924576.4545245,175208,-25.770795822143555
1767924578.1509159,175325,-35.648765563964844
1767924578.8969622,175378,-4.771269798278809
1767924580.7947023,175504,-41.71812057495117
1767924583.0619435,175621,-23.156417846679688
1767924591.6941125,176180,-28.565200805664062
1767924592.2078984,176230,-84.64157104492188
1767924592.8004124,176295,-9.682207107543945
1767924597.7265897,176633,-84.95671081542969
1767924598.382388,176683,-34.08756637573242
1767924604.2496753,177055,-33.98847198486328
1767924604.7840173,177105,-65.60911560058594
1767924608.157071,177355,-60.95201873779297
1767924608.896001,177405,-33.37266159057617
1767924609.273205,177455,-64.0473403930664
1767924611.5075643,177605,-115.70469665527344
1767924612.2488875,177655,-47.815467834472656
1767924614.9885964,177885,-37.295799255371094
1767924617.468279,178066,-24.93682861328125
1767924618.6437716,178185,-99.7548828125
1767924622.8254397,178485,-82.28760528564453
1767924624.6568928,178653,-37.507476806640625
1767924626.2702076,178753,-54.331809997558594
1767924630.1748388,179078,-61.07280349731445
1767924633.4631217,179308,-32.58774948120117
1767924636.6052475,179569,-47.89310836791992
1767924636.9080734,179582,-21.16975212097168
1767924639.1158795,179765,-72.2131118774414
1767924639.6321304,179815,-48.109642028808594
1767924643.497066,180148,-140.7779541015625
1767924646.6599123,180430,-38.86925506591797
1767924650.1687906,180667,-9.85910415649414
1767924651.942536,180782,-30.99601173400879
1767924653.1155038,180870,-75.44941711425781
1767924653.4469252,180920,-39.20779800415039
1767924656.1697717,181111,-8.697038650512695
1767924658.8668735,181329,-2.4454867839813232
1767924659.7594216,181402,-26.223146438598633
1767924660.8166156,181452,-44.275840759277344
1767924661.1864204,181484,-33.27427291870117
1767924663.3448248,181645,-16.788780212402344
1767924664.9771323,181799,-86.94368743896484
1767924667.040917,181919,-6.722269535064697
1767924668.8969278,182069,-33.58694076538086
1767924674.1358223,182468,-68.74549865722656
1767924674.9808674,182537,-14.00771427154541
1767924676.849324,182661,-43.03086471557617
1767924678.0350266,182725,-10.77961254119873
1767924680.259815,182925,-41.344520568847656
1767924680.9945168,182997,-13.341327667236328
1767924683.9433377,183267,-31.201162338256836
1767924689.6370046,183783,-114.4775390625
1767924692.4638667,183969,-33.22903823852539
1767924696.8444896,184279,-30.09035301208496
1767924698.7971861,184429,-29.28745460510254
1767924700.9280996,184589,-8.016222953796387
1767924701.2542295,184615,-16.985301971435547
1767924703.6706438,184765,-40.77387619018555
1767924703.9771633,184795,-17.98447608947754
1767924708.9094055,185137,-60.990718841552734
1767924709.4586034,185178,-35.02194595336914
1767924711.0408351,185284,-53.92195129394531
1767924715.0850322,185568,-69.25773620605469
1767924716.5907836,185720,-9.842602729797363
1767924723.2988827,186208,-53.76932144165039
1767924724.2221284,186258,-103.34920501708984
1767924729.063413,186638,-41.421173095703125
1767924731.818436,186842,-44.143245697021484
1767924734.726747,187066,-17.631200790405273
1767924735.941025,187166,-37.41180419921875
1767924736.8989394,187216,-53.73585510253906
1767924739.507529,187446,-43.65485763549805
1767924744.162455,187821,-20.527992248535156
1767924746.009564,187971,-36.290916442871094
1767924746.7957351,188034,-11.112137794494629
1767924746.8522897,188039,-6.592447280883789
1767924746.9007382,188047,-8.536808013916016
1767924749.1518328,188212,-39.76693344116211
1767924754.1065524,188624,-21.81125259399414
1767924755.283392,188674,-104.67122650146484
1767924756.1835961,188736,-8.226856231689453
1767924760.201431,189077,-44.033790588378906
1767924760.8805714,189127,-69.85400390625
1767924767.2228289,189588,-2.049257516860962
1767924770.9180217,189872,-52.36050033569336
1767924775.2633708,190217,-15.686288833618164
1767924777.607381,190384,-23.295761108398438
1767924782.6346982,190797,-71.27987670898438
1767924784.895723,190954,-23.005481719970703
1767924786.5690365,191072,-19.365922927856445
1767924789.9984226,191328,-72.3189926147461
1767924795.1624837,191721,-25.883167266845703
1767924796.4476848,191818,-26.3330078125
1767924798.1619933,191945,-5.230784893035889
1767924799.1374595,192051,-15.06425952911377
1767924801.9043493,192268,-45.863250732421875
1767924804.8405097,192511,-53.172210693359375
1767924808.0431142,192795,-60.529151916503906
1767924810.9917383,193002,-69.46910095214844
1767924812.9823966,193124,-21.777965545654297
1767924813.5738358,193174,-51.21110534667969
1767924817.3232565,193477,-46.24260330200195
1767924820.3902311,193723,-94.66461944580078
1767924821.7348166,193823,-61.22777557373047
1767924824.7610428,194063,-16.61781120300293
1767924827.0387037,194209,-80.03536987304688
1767924828.260131,194297,-33.56119918823242
1767924829.7585232,194425,-54.883670806884766
1767924830.5491548,194475,-93.46353912353516
1767924834.1489682,194757,-66.58049011230469
1767924834.6411862,194807,-32.247711181640625
1767924835.2428918,194857,-40.867637634277344
1767924840.95834,195309,-58.654415130615234
1767924846.073993,195662,-20.7615909576416
1767924848.8571904,195873,-18.248769760131836
1767924851.3414674,196043,-38.278629302978516
1767924853.6484697,196232,-36.981781005859375
1767924857.5942729,196547,-52.60276794433594
1767924861.1211064,196832,-4.241080284118652
1767924868.250852,197382,-1.1643409729003906
1767924871.2420278,197630,-31.62178611755371
1767924873.0665503,197789,-17.997976303100586
1767924882.44626,198477,-39.02531814575195
1767924886.0662293,198730,-25.593639373779297
1767924886.8944664,198780,-90.7375259399414
1767924888.3684428,198880,-99.19812774658203
1767924889.2940333,198958,-16.62941551208496
1767924891.645438,199177,-13.59190559387207
1767924892.4363856,199227,-26.64503288269043
1767924893.5930438,199337,-74.51040649414062
1767924895.261972,199502,-18.128089904785156
1767924897.4799156,199654,-1.657111644744873
1767924898.41627,199704,-25.72256088256836
1767924899.0906286,199754,-42.90135192871094
1767924900.3125377,199854,-36.15373229980469
1767924901.9748442,199975,-34.86278533935547
